{"cameraMode":{"drawMode":0,"name":"Shaded","section":"Shading Mode"},"sceneLighting":false,"audioPlay":false,"sceneViewState":{"m_AlwaysRefresh":false,"showFog":true,"showSkybox":true,"showFlares":true,"showImageEffects":true,"showParticleSystems":true,"showVisualEffectGraphs":true,"m_FxEnabled":true},"in2DMode":false,"pivot":{"x":2.224442481994629,"y":1.0245684385299683,"z":2.1094040870666506},"rotation":{"x":0.32338839769363406,"y":0.30057603120803835,"z":-0.10914355516433716,"w":0.890597403049469},"size":3.7684128284454347,"orthographic":false}