{"cameraMode":{"drawMode":0,"name":"Shaded","section":"Shading Mode"},"sceneLighting":false,"audioPlay":false,"sceneViewState":{"m_AlwaysRefresh":false,"showFog":true,"showSkybox":true,"showFlares":true,"showImageEffects":true,"showParticleSystems":true,"showVisualEffectGraphs":true,"m_FxEnabled":true},"in2DMode":false,"pivot":{"x":-11.175163269042969,"y":-5.016125679016113,"z":23.757909774780275},"rotation":{"x":0.2318335324525833,"y":-0.052503328770399097,"z":0.012532572261989117,"w":0.9712586402893066},"size":51.313087463378909,"orthographic":false}